category,total_amount,tip_amount,tolls_amount
JFK,8089809.060003434,1018656.1599996648,500929.4800001516
Newark,844489.4300000003,103034.44000000002,115169.56000000601
Nassau/WC,712467.4400000008,69687.87000000011,27679.44999999943
